"Date/Time","Direction","Calling","Called","Extension","Ring","Wait","Talk","Answer","Class of Service","Site","Account","Recording","Cost","Charge Description","Source",
"24/01/2018 08:21:26","Outbound","02034053399","0085237933700","399","20",,"64","Answered","International","106 New Bond Street ",,"true","£0.063","Hong Kong ","Desk Phone"
"24/01/2018 08:23:39","Outbound","02034053378","0085228665555","378","24",,"51","Answered","International","106 New Bond Street ",,"true","£0.055","Hong Kong ","Desk Phone"
"24/01/2018 08:27:22","Outbound","02034053378","00436644431718","378","41",,"7","Answered","International","106 New Bond Street ",,"true","£0.048","Austria A1 Mobilcom","Desk Phone"
"24/01/2018 08:30:16","Outbound","02034053378","003544106662","378","102",,"0","Unanswered","International","106 New Bond Street ",,"true",,,"Desk Phone"
"24/01/2018 08:34:09","Outbound","02034053378","0046852298454","378","16",,"6","Answered","International","106 New Bond Street ",,"true","£0.028","Sweden ","Desk Phone"
"24/01/2018 08:34:34","Outbound","02034053378","0046852298400","378","11",,"28","Answered","International","106 New Bond Street ",,"true","£0.037","Sweden ","Desk Phone"
"24/01/2018 08:36:25","Outbound","02034053399","006568711913","399","25",,"386","Answered","International","106 New Bond Street ",,"true","£0.125","Singapore ","Desk Phone"
"24/01/2018 08:37:58","Outbound","02034053378","0041419144000","378","10",,"166","Answered","International","106 New Bond Street ",,"true","£0.115","Switzerland ","Desk Phone"
"24/01/2018 08:40:04","Outbound","02034053370","0041412494929","394","19",,"71","Answered","International","106 New Bond Street ",,"true","£0.064","Switzerland ","Desk Phone"
"24/01/2018 08:53:12","Outbound","02034053378","0048223204022","378","23",,"20","Answered","International","106 New Bond Street ",,"true","£0.035","Poland ","Desk Phone"
"24/01/2018 08:57:03","Outbound","02034053378","00302103350599","378","16",,"264","Answered","International","106 New Bond Street ",,"true","£0.154","Greece ","Desk Phone"
"24/01/2018 08:57:33","Outbound","02034053370","0060326161888","389","9",,"332","Answered","International","SIP Users",,"true","£0.164","Malaysia Kuala Lampur","Desk Phone"
"24/01/2018 08:57:43","Outbound","02034053370","0041582287789","394","15",,"3","Answered","International","106 New Bond Street ",,"true","£0.027","Switzerland ","Desk Phone"
"24/01/2018 08:57:51","Outbound","02034053377","00610414852848","377","15",,"0","Unanswered","International","106 New Bond Street ",,"false",,,"Desk Phone"
"24/01/2018 08:58:10","Outbound","02034053377","006104148522848","377","18",,"0","Unanswered","International","106 New Bond Street ",,"false",,,"Desk Phone"
"24/01/2018 08:58:25","Outbound","02034053370","0041582287753","394","13",,"2","Answered","International","106 New Bond Street ",,"true","£0.026","Switzerland ","Desk Phone"
"24/01/2018 08:58:44","Outbound","02034053377","0061414852848","377","27",,"897","Answered","International","106 New Bond Street ",,"false","£3.313","Australia Mobile","Desk Phone"
"24/01/2018 08:58:47","Outbound","02034053371","0041919102580","371","19",,"133","Answered","International","106 New Bond Street ",,"true","£0.097","Switzerland ","Desk Phone"
"24/01/2018 09:03:21","Outbound","02034053370","0060326161888","389","24",,"0","Unanswered","International","SIP Users",,"true",,,"Desk Phone"
"24/01/2018 09:03:31","Outbound","02034053370","0046104428900","394","2",,"3","Answered","International","106 New Bond Street ",,"true","£0.026","Sweden ","Desk Phone"
"24/01/2018 09:03:41","Outbound","02034053370","0046104427000","394","3",,"8","Answered","International","106 New Bond Street ",,"true","£0.028","Sweden ","Desk Phone"
"24/01/2018 09:03:53","Outbound","02034053370","0060326161888","389","6",,"72","Answered","International","SIP Users",,"true","£0.055","Malaysia Kuala Lampur","Desk Phone"
"24/01/2018 09:03:54","Outbound","02034053370","0046104427000","394","3",,"5","Answered","International","106 New Bond Street ",,"true","£0.027","Sweden ","Desk Phone"
"24/01/2018 09:04:09","Outbound","02034053370","0041417254090","394","5",,"0","Unanswered","International","106 New Bond Street ",,"false",,,"Desk Phone"
"24/01/2018 09:04:15","Outbound","02034053370","0041417254090","394","4",,"0","Unanswered","International","106 New Bond Street ",,"false",,,"Desk Phone"
"24/01/2018 09:04:35","Outbound","02034053399","0031765236605","399","24",,"209","Answered","International","106 New Bond Street ",,"true","£0.095","Netherlands ","Desk Phone"
"24/01/2018 09:05:44","Outbound","02034053370","02079383193","394","3",,"0","Unanswered","National","106 New Bond Street ",,"false",,,"Desk Phone"
"24/01/2018 09:07:00","Outbound","02034053370","0097142093439","394","60",,"0","Unanswered","International","106 New Bond Street ",,"true",,,"Desk Phone"
"24/01/2018 09:14:35","Outbound","02034053377","02083013555","377","10",,"227","Answered","National","106 New Bond Street ",,"false","£0","UK London","Desk Phone"
"24/01/2018 09:15:35","Outbound","02034053370","0037369840095","394","21",,"0","Unanswered","International","106 New Bond Street ",,"true",,,"Desk Phone"
"24/01/2018 09:17:25","Outbound","02034053378","0041798720024","378","25",,"2","Answered","International","106 New Bond Street ",,"true","£0.04","Switzerland Mobile","Desk Phone"
"24/01/2018 09:18:35","Outbound","02034053378","0035722121852","378","29",,"17","Answered","International","106 New Bond Street ",,"true","£0.036","Cyprus ","Desk Phone"
"24/01/2018 09:19:56","Outbound","02034053378","0032471691769","378","23",,"116","Answered","International","106 New Bond Street ",,"true","£0.537","Belgium Proximus Mobile","Desk Phone"
"24/01/2018 09:20:34","Outbound","02034053370","0041438887766","394","15",,"0","Unanswered","International","106 New Bond Street ",,"false",,,"Desk Phone"
"24/01/2018 09:20:53","Outbound","02034053370","0041438887700","394","24",,"39","Answered","International","106 New Bond Street ",,"true","£0.045","Switzerland Zurich","Desk Phone"
"24/01/2018 09:22:06","Outbound","02034053371","0041223405725","371","20",,"0","Unanswered","International","106 New Bond Street ",,"false",,,"Desk Phone"
"24/01/2018 09:22:31","Outbound","02034053371","0041223405725","371","21",,"0","Unanswered","International","106 New Bond Street ",,"true",,,"Desk Phone"
"24/01/2018 09:23:08","Outbound","02034053371","0041223405725","371","16",,"0","Unanswered","International","106 New Bond Street ",,"false",,,"Desk Phone"
"24/01/2018 09:24:32","Outbound","02034053399","0046812020516","399","21",,"75","Answered","International","106 New Bond Street ",,"true","£0.056","Sweden ","Desk Phone"
"24/01/2018 09:24:41","Outbound","02034053370","02038466876","389","6",,"138","Answered","National","SIP Users",,"true","£0","UK London","Desk Phone"
"24/01/2018 09:28:37","Outbound","02034053378","00493089601762","378","23",,"163","Answered","International","106 New Bond Street ",,"true","£0.081","Germany ","Desk Phone"
"24/01/2018 09:37:40","Outbound","02034053371","0041446872246","371","35",,"5","Answered","International","106 New Bond Street ",,"true","£0.028","Switzerland Zurich","Desk Phone"
"24/01/2018 09:37:44","Outbound","02034053382","00431909440450","382","14",,"182","Answered","International","106 New Bond Street ",,"true","£0.108","Austria ","Desk Phone"
"24/01/2018 09:38:23","Outbound","02034053371","0041446872245","371","40",,"0","Unanswered","International","106 New Bond Street ",,"true",,,"Desk Phone"
"24/01/2018 09:38:54","Outbound","02034053378","00358407201324","378","47",,"6","Answered","International","106 New Bond Street ",,"true","£0.048","Finland Mobile","Desk Phone"
"24/01/2018 09:40:09","Outbound","02034053371","0041798151463","371","24",,"16","Answered","International","106 New Bond Street ",,"true","£0.142","Switzerland Mobile","Desk Phone"
"24/01/2018 09:40:14","Outbound","02034053370","0041581057500","394","19",,"24","Answered","International","106 New Bond Street ",,"true","£0.038","Switzerland ","Desk Phone"
"24/01/2018 09:40:21","Outbound","02034053378","0041412264026","378","68",,"0","Unanswered","International","106 New Bond Street ",,"false",,,"Desk Phone"
"24/01/2018 09:41:27","Outbound","02034053377","02070783200","377","3",,"11","Answered","National","106 New Bond Street ",,"false","£0","UK London","Desk Phone"
"24/01/2018 09:41:43","Outbound","02034053377","02070783200","377","2",,"401","Answered","National","106 New Bond Street ",,"false","£0","UK London","Desk Phone"
"24/01/2018 09:42:09","Outbound","02034053378","0041443802610","378","24",,"16","Answered","International","106 New Bond Street ",,"true","£0.033","Switzerland Zurich","Desk Phone"
"24/01/2018 09:42:25","Outbound","02034053373","00442076235500","373","11",,"51","Answered","International","106 New Bond Street ",,"true","£0","UK London","Desk Phone"
"24/01/2018 09:44:31","Outbound","02034053378","00358968178200","378","18",,"14","Answered","International","106 New Bond Street ",,"true","£0.035","Finland Helsinki","Desk Phone"
"24/01/2018 09:45:25","Outbound","02034053373","0020765623166","373","15",,"0","Unanswered","International","106 New Bond Street ",,"true",,,"Desk Phone"
"24/01/2018 09:46:35","Outbound","02034053373","00972777774428","373","34",,"6","Answered","International","106 New Bond Street ",,"true","£0.03","Israel ","Desk Phone"
"24/01/2018 09:46:47","Outbound","02034053378","0046707482849","378","20",,"28","Answered","International","106 New Bond Street ",,"true","£0.179","Sweden Mobile","Desk Phone"
"24/01/2018 09:47:22","Outbound","02034053382","004969743840","382","17",,"18","Answered","International","106 New Bond Street ",,"true","£0.031","Germany ","Desk Phone"
"24/01/2018 09:48:15","Outbound","02034053373","0096522248000","373","12",,"504","Answered","International","106 New Bond Street ",,"true","£0.986","Kuwait ","Desk Phone"
"24/01/2018 09:49:30","Outbound","02034053378","00496971379972","378","21",,"12","Answered","International","106 New Bond Street ",,"true","£0.029","Germany ","Desk Phone"
"24/01/2018 09:50:07","Outbound","02034053378","00496971379972","378","10",,"15","Answered","International","106 New Bond Street ",,"true","£0.03","Germany ","Desk Phone"
"24/01/2018 09:51:27","Outbound","02034053382","00496934878530","382","15",,"17","Answered","International","106 New Bond Street ",,"true","£0.031","Germany ","Desk Phone"
"24/01/2018 09:52:01","Outbound","02034053378","00442031765888","378","11",,"18","Answered","International","106 New Bond Street ",,"true","£0","UK London","Desk Phone"
"24/01/2018 09:55:17","Outbound","02034053378","00390277991","378","21",,"107","Answered","International","106 New Bond Street ",,"true","£0.067","Italy ","Desk Phone"
"24/01/2018 09:55:43","Outbound","02034053399","0033148240684","399","37",,"4","Answered","International","106 New Bond Street ",,"true","£0.026","France ","Desk Phone"
"24/01/2018 09:56:19","Outbound","02034053370","0041582186089","394","31",,"18","Answered","International","106 New Bond Street ",,"true","£0.035","Switzerland ","Desk Phone"
"24/01/2018 09:57:28","Outbound","02034053399","0031205436474","399","77",,"0","Unanswered","International","106 New Bond Street ",,"true",,,"Desk Phone"
"24/01/2018 09:59:16","Outbound","02034053378","01274806380","378","13",,"12","Answered","National","106 New Bond Street ",,"true","£0","UK Bradford","Desk Phone"
"24/01/2018 09:59:29","Outbound","02034053370","004570217575","389","3",,"66","Answered","International","SIP Users",,"true","£0.048","Denmark ","Desk Phone"
"24/01/2018 10:00:17","Outbound","02034053370","0041442063040","394","18",,"29","Answered","International","106 New Bond Street ",,"true","£0.04","Switzerland Zurich","Desk Phone"
"24/01/2018 10:00:26","Outbound","02034053380","00442030027685","380","3",,"45","Answered","International","SIP Users",,"true","£0","UK London","Desk Phone"
"24/01/2018 10:01:10","Outbound","02034053378","0041442695090","378","95",,"0","Unanswered","International","106 New Bond Street ",,"true",,,"Desk Phone"
"24/01/2018 10:02:45","Outbound","02034053399","0034914239621","399","25",,"3","Answered","International","106 New Bond Street ",,"true","£0.026","Spain ","Desk Phone"
"24/01/2018 10:03:35","Outbound","02034053378","0033140065150","378","84",,"0","Unanswered","International","106 New Bond Street ",,"false",,,"Desk Phone"
"24/01/2018 10:04:35","Outbound","02034053380","00447917214651","380","9",,"57","Answered","International","SIP Users",,"true","£0.124","UK Mobile Vodafone","Desk Phone"
"24/01/2018 10:04:44","Outbound","02034053399","00351218839252","399","38",,"23","Answered","International","106 New Bond Street ",,"true","£0.033","Portugal ","Desk Phone"
"24/01/2018 10:07:10","Outbound","02034053371","00141446872246","371","18",,"0","Unanswered","International","106 New Bond Street ",,"false",,,"Desk Phone"
"24/01/2018 10:07:42","Outbound","02034053371","0041446872246","371","21",,"99","Answered","International","106 New Bond Street ",,"true","£0.077","Switzerland Zurich","Desk Phone"
"24/01/2018 10:07:43","Outbound","02034053378","0041445529000","378","29",,"19","Answered","International","106 New Bond Street ",,"true","£0.035","Switzerland Zurich","Desk Phone"
"24/01/2018 10:08:16","Outbound","02034053370","00431711700","389","6",,"127","Answered","International","SIP Users",,"true","£0.083","Austria ","Desk Phone"
"24/01/2018 10:10:24","Outbound","02034053378","00442074998644","378","33",,"75","Answered","International","106 New Bond Street ",,"true","£0","UK London","Desk Phone"
"24/01/2018 10:13:13","Outbound","02034053376","0041442055100","376","0",,"0","Unanswered","International","106 New Bond Street ",,"false",,,"Desk Phone"
"24/01/2018 10:13:20","Outbound","02034053376","0041442055100","376","0",,"0","Unanswered","International","106 New Bond Street ",,"false",,,"Desk Phone"
"24/01/2018 10:13:21","Outbound","02034053373","00966114883388","373","18",,"1","Answered","International","106 New Bond Street ",,"true","£0.029","Saudi Arabia ","Desk Phone"
"24/01/2018 10:13:38","Outbound","02034053390","07917214651","390","29",,"50","Answered","Mobile","106 New Bond Street ",,"false","£0.113","UK Mobile Vodafone","Desk Phone"
"24/01/2018 10:14:15","Outbound","02034053373","0097143996601","373","14",,"7","Answered","International","106 New Bond Street ",,"true","£0.055","United Arab Emirates ","Desk Phone"
"24/01/2018 10:14:43","Outbound","02034053399","0033969362000","399","50",,"0","Unanswered","International","106 New Bond Street ",,"true",,,"Desk Phone"
"24/01/2018 10:14:54","Outbound","02034053376","0046856620200","376","6",,"83","Answered","International","106 New Bond Street ",,"true","£0.059","Sweden ","Desk Phone"
"24/01/2018 10:14:58","Outbound","02034053373","0097317530056","373","55",,"0","Unanswered","International","106 New Bond Street ",,"true",,,"Desk Phone"
"24/01/2018 10:15:44","Outbound","02034053378","0039023031771","378","19",,"34","Answered","International","106 New Bond Street ",,"true","£0.038","Italy ","Desk Phone"
"24/01/2018 10:16:18","Outbound","02034053373","0096824769500","373","11",,"19","Answered","International","106 New Bond Street ",,"true","£0.108","Oman ","Desk Phone"
"24/01/2018 10:16:30","Outbound","02034053370","02073555300","385","2",,"31","Answered","National","106 New Bond Street ",,"true","£0","UK London","Desk Phone"
"24/01/2018 10:17:48","Outbound","02034053370","0035896134600","394","13",,"11","Answered","International","106 New Bond Street ",,"true","£0.033","Finland Helsinki","Desk Phone"
"24/01/2018 10:17:56","Outbound","02034053373","0096824769500","373","12",,"8","Answered","International","106 New Bond Street ",,"true","£0.06","Oman ","Desk Phone"
"24/01/2018 10:18:25","Outbound","02034053376","01624681250","376","5",,"192","Answered","National","106 New Bond Street ",,"true","£0","UK Isle Of Man","Desk Phone"
"24/01/2018 10:19:24","Outbound","02034053373","0097317546000","373","22",,"59","Answered","International","106 New Bond Street ",,"true","£0.183","Bahrain ","Desk Phone"
"24/01/2018 10:19:38","Outbound","02034053378","00447725623955","378","29",,"156","Answered","International","106 New Bond Street ",,"true","£0.27","UK Mobile O2","Desk Phone"
"24/01/2018 10:20:26","Outbound","02034053399","0033155615511","399","35",,"3","Answered","International","106 New Bond Street ",,"true","£0.026","France ","Desk Phone"
"24/01/2018 10:22:19","Outbound","02034053376","0046705375287","376","37",,"0","Unanswered","International","106 New Bond Street ",,"false",,,"Desk Phone"
"24/01/2018 10:22:21","Outbound","02034053370","00442079179555","394","16",,"60","Answered","International","106 New Bond Street ",,"true","£0","UK London","Desk Phone"
"24/01/2018 10:23:15","Outbound","02034053376","0046705375287","376","5",,"0","Unanswered","International","106 New Bond Street ",,"false",,,"Desk Phone"
"24/01/2018 10:23:27","Outbound","02034053376","0046705375287","376","30",,"4","Answered","International","106 New Bond Street ",,"true","£0.037","Sweden Telia Mobile","Desk Phone"
"24/01/2018 10:23:58","Outbound","02034053371","0041227760044","371","21",,"171","Answered","International","106 New Bond Street ",,"true","£0.114","Switzerland Geneva","Desk Phone"
"24/01/2018 10:25:25","Outbound","02034053376","0033140172525","376","2",,"11","Answered","International","106 New Bond Street ",,"false","£0.029","France ","Desk Phone"
"24/01/2018 10:25:47","Outbound","02034053376","0033140172525","376","19",,"4","Answered","International","106 New Bond Street ",,"false","£0.026","France ","Desk Phone"
"24/01/2018 10:27:37","Outbound","02034053376","00492114579","376","5",,"0","Unanswered","International","106 New Bond Street ",,"false",,,"Desk Phone"
"24/01/2018 10:27:51","Outbound","02034053376","00492114579","376","79",,"0","Unanswered","International","106 New Bond Street ",,"false",,,"Desk Phone"
"24/01/2018 10:30:01","Outbound","02034053376","004922818192001","376","0",,"0","Unanswered","International","106 New Bond Street ",,"false",,,"Desk Phone"
"24/01/2018 10:30:07","Outbound","02034053376","004922818192001","376","0",,"0","Unanswered","International","106 New Bond Street ",,"false",,,"Desk Phone"
"24/01/2018 10:30:13","Outbound","02034053376","004922818192001","376","0",,"0","Unanswered","International","106 New Bond Street ",,"false",,,"Desk Phone"
"24/01/2018 10:30:45","Outbound","02034053376","004922818192002","376","5",,"0","Unanswered","International","106 New Bond Street ",,"false",,,"Desk Phone"
"24/01/2018 10:31:58","Outbound","02034053376","0034915862500","376","4",,"7","Answered","International","106 New Bond Street ",,"false","£0.027","Spain ","Desk Phone"
"24/01/2018 10:32:25","Outbound","02034053370","004747627292","394","23",,"129","Answered","International","106 New Bond Street ",,"true","£0.508","Norway Mobile","Desk Phone"
"24/01/2018 10:32:37","Outbound","02034053399","0033155615511","399","11",,"0","Unanswered","International","106 New Bond Street ",,"true",,,"Desk Phone"
"24/01/2018 10:32:49","Outbound","02034053399","0033155615511","399","33",,"0","Unanswered","International","106 New Bond Street ",,"true",,,"Desk Phone"
"24/01/2018 10:32:51","Outbound","02034053376","0034915862500","376","4",,"11","Answered","International","106 New Bond Street ",,"false","£0.029","Spain ","Desk Phone"
"24/01/2018 10:33:28","Outbound","02034053376","02084087000","376","12",,"8","Answered","National","106 New Bond Street ",,"true","£0","UK London","Desk Phone"
"24/01/2018 10:35:54","Outbound","02034053376","02074896057","376","27",,"4","Answered","National","106 New Bond Street ",,"true","£0","UK London","Desk Phone"
"24/01/2018 10:36:14","Outbound","02034053370","01737227567","385","2",,"63","Answered","National","106 New Bond Street ",,"true","£0","UK Redhill","Desk Phone"
"24/01/2018 10:37:09","Outbound","02034053376","0046856620200","376","39",,"0","Unanswered","International","106 New Bond Street ",,"true",,,"Desk Phone"
"24/01/2018 10:38:16","Outbound","02034053376","0035316548804","376","26",,"172","Answered","International","106 New Bond Street ",,"true","£0.089","Ireland ","Desk Phone"
"24/01/2018 10:41:06","Outbound","02034053371","00496921611255","371","46",,"63","Answered","International","106 New Bond Street ",,"true","£0.047","Germany ","Desk Phone"
"24/01/2018 10:41:32","Outbound","02034053376","00431369206910","376","0",,"0","Unanswered","International","106 New Bond Street ",,"false",,,"Desk Phone"
"24/01/2018 10:41:43","Outbound","02034053376","00431369206910","376","15",,"13","Answered","International","106 New Bond Street ",,"false","£0.031","Austria ","Desk Phone"
"24/01/2018 10:42:11","Outbound","02034053393","0041442341891","393","67",,"0","Unanswered","International","106 New Bond Street ",,"true",,,"Desk Phone"
"24/01/2018 10:43:34","Outbound","02034053376","02074930545","376","4",,"24","Answered","National","106 New Bond Street ",,"true","£0","UK London","Desk Phone"
"24/01/2018 10:46:10","Outbound","02034053371","0046850891300","371","16",,"19","Answered","International","106 New Bond Street ",,"true","£0.033","Sweden ","Desk Phone"
"24/01/2018 10:46:47","Outbound","02034053371","0046850891300","371","14",,"115","Answered","International","106 New Bond Street ",,"true","£0.073","Sweden ","Desk Phone"
"24/01/2018 10:49:45","Outbound","02034053393","02075525637","393","17",,"169","Answered","National","106 New Bond Street ",,"true","£0","UK London","Desk Phone"
"24/01/2018 10:50:15","Outbound","02034053371","00141587330303","371","13",,"8","Answered","International","106 New Bond Street ",,"true","£0.028","USA ","Desk Phone"
"24/01/2018 10:50:51","Outbound","02034053371","0041587330303","371","48",,"953","Answered","International","106 New Bond Street ",,"true","£0.541","Switzerland ","Desk Phone"
"24/01/2018 10:52:45","Outbound","02034053370","01334462572","385","22",,"1","Answered","National","106 New Bond Street ",,"true","£0","UK St Andrews","Desk Phone"
"24/01/2018 10:53:47","Outbound","02034053376","02071635589","376","2",,"13","Answered","National","106 New Bond Street ",,"true","£0","UK London","Desk Phone"
"24/01/2018 10:54:05","Outbound","02034053376","02071635589","376","2",,"1","Answered","National","106 New Bond Street ",,"true","£0","UK London","Desk Phone"
"24/01/2018 10:54:09","Outbound","02034053376","02071635589","376","1",,"0","Answered","National","106 New Bond Street ",,"true","£0","UK London","Desk Phone"
"24/01/2018 10:54:17","Outbound","02034053376","02071635589","376","1",,"28","Answered","National","106 New Bond Street ",,"true","£0","UK London","Desk Phone"
"24/01/2018 10:54:48","Outbound","02034053376","02071635589","376","2",,"1","Answered","National","106 New Bond Street ",,"true","£0","UK London","Desk Phone"
"24/01/2018 10:54:52","Outbound","02034053398","01824702771","398","20",,"74","Answered","National","106 New Bond Street ",,"false","£0","UK Ruthin","Desk Phone"
"24/01/2018 10:54:56","Outbound","02034053376","02071635589","376","2",,"7","Answered","National","106 New Bond Street ",,"true","£0","UK London","Desk Phone"
"24/01/2018 10:56:23","Outbound","02034053376","00492131406570","376","9",,"25","Answered","International","106 New Bond Street ",,"true","£0.034","Germany ","Desk Phone"
"24/01/2018 10:58:44","Outbound","02034053370","01412225125","385","9",,"40","Answered","National","106 New Bond Street ",,"true","£0","UK Glasgow","Desk Phone"
"24/01/2018 10:59:42","Outbound","02034053376","03454505670","376","1",,"86","Answered","National","106 New Bond Street ",,"true","£0","UK National Non Geographic","Desk Phone"
"24/01/2018 11:00:46","Outbound","02034053370","0031206048000","389","8",,"171","Answered","International","SIP Users",,"true","£0.082","Netherlands ","Desk Phone"
"24/01/2018 11:03:27","Outbound","02034053376","02073696000","376","1",,"61","Answered","National","106 New Bond Street ",,"true","£0","UK London","Desk Phone"
"24/01/2018 11:05:13","Outbound","02034053376","0046856620200","376","3",,"16","Answered","International","106 New Bond Street ",,"true","£0.032","Sweden ","Desk Phone"
"24/01/2018 11:06:41","Outbound","02034053376","02078304444","376","3",,"10","Answered","National","106 New Bond Street ",,"true","£0","UK London","Desk Phone"
"24/01/2018 11:07:40","Outbound","02034053376","02078304444","376","3",,"100","Answered","National","106 New Bond Street ",,"true","£0","UK London","Desk Phone"
"24/01/2018 11:09:49","Outbound","02034053393","0031206048802","393","37",,"4","Answered","International","106 New Bond Street ",,"true","£0.026","Netherlands ","Desk Phone"
"24/01/2018 11:12:00","Outbound","02034053376","02076067788","376","8",,"0","Unanswered","National","106 New Bond Street ",,"false",,,"Desk Phone"
"24/01/2018 11:13:03","Outbound","02034053376","02076067788","376","21",,"0","Unanswered","National","106 New Bond Street ",,"false",,,"Desk Phone"
"24/01/2018 11:15:33","Outbound","02034053376","02079205900","376","3",,"104","Answered","National","106 New Bond Street ",,"true","£0","UK London","Desk Phone"
"24/01/2018 11:24:45","Outbound","02034053378","0041919234477","378","25",,"58","Answered","International","106 New Bond Street ",,"true","£0.056","Switzerland ","Desk Phone"
"24/01/2018 11:24:45","Outbound","02034053376","02077256900","376","5",,"126","Answered","National","106 New Bond Street ",,"true","£0","UK London","Desk Phone"
"24/01/2018 11:28:43","Outbound","02034053376","02077423015","376","6",,"140","Answered","National","106 New Bond Street ",,"true","£0","UK London","Desk Phone"
"24/01/2018 11:32:16","Outbound","02034053378","0034913848878","378","75",,"0","Unanswered","International","106 New Bond Street ",,"true",,,"Desk Phone"
"24/01/2018 11:34:18","Outbound","02034053377","07393900216","377","18",,"2637","Answered","Mobile","106 New Bond Street ",,"false","£3.951","UK Mobile Vodafone","Desk Phone"
"24/01/2018 11:34:39","Outbound","02034053378","00390266524914","378","93",,"0","Answered","International","106 New Bond Street ",,"true","£0.025","Italy ","Desk Phone"
"24/01/2018 11:34:57","Outbound","02034053371","02036372380","371","9",,"556","Answered","National","106 New Bond Street ",,"true","£0","UK London","Desk Phone"
"24/01/2018 11:37:29","Outbound","02034053370","0041227000111","389","28",,"0","Unanswered","International","SIP Users",,"true",,,"Desk Phone"
"24/01/2018 11:37:41","Outbound","02034053370","02035679100","385","5",,"201","Answered","National","106 New Bond Street ",,"true","£0","UK London","Desk Phone"
"24/01/2018 11:39:26","Outbound","02034053378","004793422712","378","21",,"34","Answered","International","106 New Bond Street ",,"true","£0.152","Norway Mobile","Desk Phone"
"24/01/2018 11:41:36","Outbound","02034053378","0041225929292","378","14",,"15","Answered","International","106 New Bond Street ",,"true","£0.033","Switzerland Geneva","Desk Phone"
"24/01/2018 11:43:24","Outbound","02034053378","00441179237652","378","11",,"85","Answered","International","106 New Bond Street ",,"true","£0","UK Bristol","Desk Phone"
"24/01/2018 11:49:48","Outbound","02034053370","02073989100","385","7",,"47","Answered","National","106 New Bond Street ",,"true","£0","UK London","Desk Phone"
"24/01/2018 11:59:48","Outbound","02034053370","0033140200089","385","10",,"9","Answered","International","106 New Bond Street ",,"false","£0.028","France ","Desk Phone"
"24/01/2018 12:40:52","Outbound","02034053377","02087528177","377","66",,"31","Answered","National","106 New Bond Street ",,"false","£0","UK London","Desk Phone"
"24/01/2018 12:42:30","Outbound","02034053377","01494358137","377","7",,"0","Unanswered","National","106 New Bond Street ",,"false",,,"Desk Phone"
"24/01/2018 12:42:38","Outbound","02034053377","01494358137","377","8",,"0","Unanswered","National","106 New Bond Street ",,"false",,,"Desk Phone"
"24/01/2018 12:42:47","Outbound","02034053377","02087528177","377","9",,"34","Answered","National","106 New Bond Street ",,"false","£0","UK London","Desk Phone"
"24/01/2018 12:43:32","Outbound","02034053377","01494911155","377","35",,"299","Answered","National","106 New Bond Street ",,"false","£0","UK High Wycombe","Desk Phone"
"24/01/2018 13:50:05","Outbound","02034053377","02072694667","377","15",,"480","Answered","National","106 New Bond Street ",,"false","£0","UK London","Desk Phone"
"24/01/2018 13:50:37","Outbound","02034053370","02087706080","385","3",,"55","Answered","National","106 New Bond Street ",,"true","£0","UK London","Desk Phone"
"24/01/2018 13:54:27","Outbound","02034053382","004969743840","382","18",,"50","Answered","International","106 New Bond Street ",,"true","£0.042","Germany ","Desk Phone"
"24/01/2018 13:54:31","Outbound","02034053370","02032077800","385","7",,"33","Answered","National","106 New Bond Street ",,"true","£0","UK London","Desk Phone"
"24/01/2018 13:55:47","Outbound","02034053382","00496934878530","382","14",,"15","Answered","International","106 New Bond Street ",,"true","£0.03","Germany ","Desk Phone"
"24/01/2018 13:55:56","Outbound","02034053398","02078810030","398","15",,"170","Answered","National","106 New Bond Street ",,"false","£0","UK London","Desk Phone"
"24/01/2018 13:58:42","Outbound","02034053393","0041442341891","393","70",,"318","Answered","International","106 New Bond Street ",,"true","£0.191","Switzerland Zurich","Desk Phone"
"24/01/2018 13:59:19","Outbound","02034053371","004741529194","371","13",,"2","Answered","International","106 New Bond Street ",,"true","£0.032","Norway Mobile","Desk Phone"
"24/01/2018 13:59:54","Outbound","02034053371","0034915375205","371","36",,"0","Unanswered","International","106 New Bond Street ",,"true",,,"Desk Phone"
"24/01/2018 13:59:56","Outbound","02034053370","02088718887","385","16",,"7","Answered","National","106 New Bond Street ",,"true","£0","UK London","Desk Phone"
"24/01/2018 14:00:49","Outbound","02034053399","00498967871107","399","69",,"0","Unanswered","International","106 New Bond Street ",,"false",,,"Desk Phone"
"24/01/2018 14:01:36","Outbound","02034053371","0034932387243","371","19",,"10","Answered","International","106 New Bond Street ",,"true","£0.028","Spain ","Desk Phone"
"24/01/2018 14:02:25","Outbound","02034053371","0046850891300","371","15",,"67","Answered","International","106 New Bond Street ",,"true","£0.053","Sweden ","Desk Phone"
"24/01/2018 14:02:44","Outbound","02034053378","004793422712","378","34",,"612","Answered","International","106 New Bond Street ",,"true","£2.316","Norway Mobile","Desk Phone"
"24/01/2018 14:03:08","Outbound","02034053370","02038897860","385","14",,"0","Unanswered","National","106 New Bond Street ",,"false",,,"Desk Phone"
"24/01/2018 14:03:31","Outbound","02034053376","0046856620200","376","7",,"59","Answered","International","106 New Bond Street ",,"true","£0.049","Sweden ","Desk Phone"
"24/01/2018 14:04:52","Outbound","02034053371","0041313727228","371","25",,"0","Unanswered","International","106 New Bond Street ",,"false",,,"Desk Phone"
"24/01/2018 14:05:01","Outbound","02034053399","0033148240684","399","38",,"9","Answered","International","106 New Bond Street ",,"true","£0.028","France ","Desk Phone"
"24/01/2018 14:05:25","Outbound","02034053370","01270530975","385","47",,"0","Unanswered","National","106 New Bond Street ",,"true",,,"Desk Phone"
"24/01/2018 14:06:27","Outbound","02034053382","0013126306000","382","15",,"80","Answered","International","106 New Bond Street ",,"true","£0.05","USA ","Desk Phone"
"24/01/2018 14:06:43","Outbound","02034053393","0041313362111","393","15",,"503","Answered","International","106 New Bond Street ",,"true","£0.298","Switzerland ","Desk Phone"
"24/01/2018 14:07:36","Outbound","02034053370","02079355859","385","6",,"87","Answered","National","106 New Bond Street ",,"true","£0","UK London","Desk Phone"
"24/01/2018 14:07:55","Outbound","02034053399","00498213201297","399","21",,"93","Answered","International","106 New Bond Street ",,"true","£0.057","Germany ","Desk Phone"
"24/01/2018 14:09:07","Outbound","02034053370","0049403553020","389","12",,"917","Answered","International","SIP Users",,"true","£0.341","Germany ","Desk Phone"
"24/01/2018 14:10:05","Outbound","02034053371","0016464736500","371","12",,"139","Answered","International","106 New Bond Street ",,"true","£0.069","USA ","Desk Phone"
"24/01/2018 14:11:12","Outbound","02034053376","03455432600","376","4",,"133","Answered","National","106 New Bond Street ",,"true","£0","UK National Non Geographic","Desk Phone"
"24/01/2018 14:11:21","Outbound","02034053371","0016464736500","371","2",,"4","Answered","International","106 New Bond Street ",,"true","£0.026","USA ","Desk Phone"
"24/01/2018 14:11:48","Outbound","02034053371","0016464736500","371","2",,"48","Answered","International","106 New Bond Street ",,"true","£0.04","USA ","Desk Phone"
"24/01/2018 14:13:07","Outbound","02034053371","0018004580811","371","15",,"52","Answered","International","106 New Bond Street ",,"true","£0.05","USA Freephone","Desk Phone"
"24/01/2018 14:14:13","Outbound","02034053370","02038897860","385","12",,"0","Unanswered","National","106 New Bond Street ",,"false",,,"Desk Phone"
"24/01/2018 14:15:00","Outbound","02034053382","004989548500","382","17",,"111","Answered","International","106 New Bond Street ",,"true","£0.063","Germany ","Desk Phone"
"24/01/2018 14:15:27","Outbound","02034053393","0041313362111","393","7",,"342","Answered","International","106 New Bond Street ",,"true","£0.21","Switzerland ","Desk Phone"
"24/01/2018 14:15:35","Outbound","02034053371","0012026870045","371","34",,"1","Answered","International","106 New Bond Street ",,"true","£0.025","USA ","Desk Phone"
"24/01/2018 14:15:52","Outbound","02034053381","003902430281","381","30",,"86","Answered","International","106 New Bond Street ",,"true","£0.059","Italy ","Desk Phone"
"24/01/2018 14:16:12","Outbound","02034053383","0016466054350","383","34",,"2","Answered","International","106 New Bond Street ",,"true","£0.026","USA ","Desk Phone"
"24/01/2018 14:16:18","Outbound","02034053370","0016504822500","385","3",,"21","Answered","International","106 New Bond Street ",,"true","£0.032","USA ","Desk Phone"
"24/01/2018 14:16:50","Outbound","02034053371","0012128267053","371","47",,"0","Unanswered","International","106 New Bond Street ",,"true",,,"Desk Phone"
"24/01/2018 14:18:11","Outbound","02034053371","0012124765903","371","28",,"2","Answered","International","106 New Bond Street ",,"true","£0.026","USA ","Desk Phone"
"24/01/2018 14:18:28","Outbound","02034053383","0015173739642","383","31",,"1","Answered","International","106 New Bond Street ",,"true","£0.025","USA ","Desk Phone"
"24/01/2018 14:18:47","Outbound","02034053371","0019146061141","371","41",,"0","Unanswered","International","106 New Bond Street ",,"true",,,"Desk Phone"
"24/01/2018 14:18:52","Outbound","02034053382","0015139774400","382","17",,"27","Answered","International","106 New Bond Street ",,"true","£0.034","USA ","Desk Phone"
"24/01/2018 14:19:38","Outbound","02034053383","0016019817422","383","16",,"31","Answered","International","106 New Bond Street ",,"true","£0.035","USA ","Desk Phone"
"24/01/2018 14:20:23","Outbound","02034053382","00496934878530","382","13",,"4","Answered","International","106 New Bond Street ",,"true","£0.026","Germany ","Desk Phone"
"24/01/2018 14:20:34","Outbound","02034053371","0014104725386","371","16",,"93","Answered","International","106 New Bond Street ",,"true","£0.054","USA ","Desk Phone"
"24/01/2018 14:20:53","Outbound","02034053373","0013025291500","373","19",,"82","Answered","International","106 New Bond Street ",,"true","£0.051","USA ","Desk Phone"
"24/01/2018 14:21:20","Outbound","02034053381","004525277429","381","18",,"2","Answered","International","106 New Bond Street ",,"true","£0.034","Denmark Mobile","Desk Phone"
"24/01/2018 14:23:10","Outbound","02034053371","0012128527000","371","16",,"115","Answered","International","106 New Bond Street ",,"true","£0.061","USA ","Desk Phone"
"24/01/2018 14:23:28","Outbound","02034053370","02072698315","385","5",,"93","Answered","National","106 New Bond Street ",,"true","£0","UK London","Desk Phone"
"24/01/2018 14:23:59","Outbound","02034053378","003222297766","378","30",,"9","Answered","International","106 New Bond Street ",,"true","£0.03","Belgium ","Desk Phone"
"24/01/2018 14:24:08","Outbound","02034053370","0049221790799613","394","27",,"7","Answered","International","106 New Bond Street ",,"true","£0.027","Germany ","Desk Phone"
"24/01/2018 14:24:18","Outbound","02034053381","00442073617700","381","11",,"70","Answered","International","106 New Bond Street ",,"true","£0","UK London","Desk Phone"
"24/01/2018 14:25:06","Outbound","02034053382","0016173508999","382","11",,"20","Answered","International","106 New Bond Street ",,"true","£0.031","USA ","Desk Phone"
"24/01/2018 14:25:13","Outbound","02034053378","003222297600","378","17",,"54","Answered","International","106 New Bond Street ",,"true","£0.053","Belgium ","Desk Phone"
"24/01/2018 14:25:34","Outbound","02034053373","0017273447711","373","12",,"92","Answered","International","106 New Bond Street ",,"true","£0.054","USA ","Desk Phone"
"24/01/2018 14:26:01","Outbound","02034053382","0016173508999","382","11",,"17","Answered","International","106 New Bond Street ",,"true","£0.03","USA ","Desk Phone"
"24/01/2018 14:27:11","Outbound","02034053381","0041442275764","381","32",,"0","Unanswered","International","106 New Bond Street ",,"true",,,"Desk Phone"
"24/01/2018 14:27:38","Outbound","02034053376","0041227891550","376","30",,"4","Answered","International","106 New Bond Street ",,"false","£0.027","Switzerland Geneva","Desk Phone"
"24/01/2018 14:27:38","Outbound","02034053378","00448000665433","378","32",,"5","Answered","International","106 New Bond Street ",,"true","£0","UK Freephone","Desk Phone"
"24/01/2018 14:27:59","Outbound","02034053381","0033158971615","381","13",,"16","Answered","International","106 New Bond Street ",,"true","£0.031","France ","Desk Phone"
"24/01/2018 14:28:42","Outbound","02034053399","004318903507","399","30",,"338","Answered","International","106 New Bond Street ",,"true","£0.179","Austria ","Desk Phone"
"24/01/2018 14:28:53","Outbound","02034053373","0017817920440","373","16",,"55","Answered","International","106 New Bond Street ",,"true","£0.042","USA ","Desk Phone"
"24/01/2018 14:29:09","Outbound","02034053370","0049201898090","392","24",,"9","Answered","International","106 New Bond Street ",,"true","£0.028","Germany ","Desk Phone"
"24/01/2018 14:29:14","Outbound","02034053381","0041919101034","381","30",,"9","Answered","International","106 New Bond Street ",,"true","£0.03","Switzerland ","Desk Phone"
"24/01/2018 14:29:26","Outbound","02034053378","0041612866255","378","17",,"48","Answered","International","106 New Bond Street ",,"true","£0.051","Switzerland ","Desk Phone"
"24/01/2018 14:29:56","Outbound","02034053376","0046709800555","376","37",,"7","Answered","International","106 New Bond Street ",,"true","£0.063","Sweden Mobile","Desk Phone"
"24/01/2018 14:29:59","Outbound","02034053370","0049201898090","392","5",,"26","Answered","International","106 New Bond Street ",,"true","£0.034","Germany ","Desk Phone"
"24/01/2018 14:30:14","Outbound","02034053382","02039097500","382","8",,"56","Answered","National","106 New Bond Street ",,"true","£0","UK London","Desk Phone"
"24/01/2018 14:30:47","Outbound","02034053370","02392239800","385","14",,"0","Unanswered","National","106 New Bond Street ",,"false",,,"Desk Phone"
"24/01/2018 14:31:18","Outbound","02034053370","02038463222","370","6",,"154","Answered","National","106 New Bond Street ",,"false","£0","UK London","Desk Phone"
"24/01/2018 14:31:34","Outbound","02034053373","0012486417400","373","11",,"25","Answered","International","106 New Bond Street ",,"true","£0.033","USA ","Desk Phone"
"24/01/2018 14:31:43","Outbound","02034053370","0041442682572","394","16",,"278","Answered","International","106 New Bond Street ",,"true","£0.17","Switzerland Zurich","Desk Phone"
"24/01/2018 14:31:58","Outbound","02034053378","00442077478600","378","87",,"0","Unanswered","International","106 New Bond Street ",,"false",,,"Desk Phone"
"24/01/2018 14:32:29","Outbound","02034053370","0041433448857","392","101",,"0","Unanswered","International","106 New Bond Street ",,"true",,,"Desk Phone"
"24/01/2018 14:32:37","Outbound","02034053376","00358105031","376","1",,"0","Unanswered","International","106 New Bond Street ",,"false",,,"Desk Phone"
"24/01/2018 14:32:43","Outbound","02034053376","00358105031","376","1",,"0","Unanswered","International","106 New Bond Street ",,"false",,,"Desk Phone"
"24/01/2018 14:32:48","Outbound","02034053382","0041223203232","382","15",,"14","Answered","International","106 New Bond Street ",,"true","£0.032","Switzerland Geneva","Desk Phone"
"24/01/2018 14:32:49","Outbound","02034053376","00358105031","376","1",,"0","Unanswered","International","106 New Bond Street ",,"false",,,"Desk Phone"
"24/01/2018 14:32:55","Outbound","02034053370","01132747700","385","3",,"97","Answered","National","106 New Bond Street ",,"true","£0","UK Leeds","Desk Phone"
"24/01/2018 14:33:02","Outbound","02034053393","0031206048802","393","20",,"198","Answered","International","106 New Bond Street ",,"true","£0.091","Netherlands ","Desk Phone"
"24/01/2018 14:33:43","Outbound","02034053373","0019528965700","373","18",,"57","Answered","International","106 New Bond Street ",,"true","£0.043","USA ","Desk Phone"
"24/01/2018 14:33:45","Outbound","02034053371","0015087933714","371","34",,"4","Answered","International","106 New Bond Street ",,"true","£0.026","USA ","Desk Phone"
"24/01/2018 14:34:23","Outbound","02034053376","003545106100","376","0",,"464","Answered","International","106 New Bond Street ",,"false","£0.281","Iceland ","Desk Phone"
"24/01/2018 14:34:32","Outbound","02034053370","004143338892","392","16",,"0","Unanswered","International","106 New Bond Street ",,"false",,,"Desk Phone"
"24/01/2018 14:34:52","Outbound","02034053378","004921154066639","378","65",,"16","Answered","International","106 New Bond Street ",,"true","£0.03","Germany ","Desk Phone"
"24/01/2018 14:36:09","Outbound","02034053371","0015087932515","371","22",,"39","Answered","International","106 New Bond Street ",,"true","£0.037","USA ","Desk Phone"
"24/01/2018 14:36:09","Outbound","02034053373","00442076235500","373","12",,"61","Answered","International","106 New Bond Street ",,"true","£0","UK London","Desk Phone"
"24/01/2018 14:36:53","Outbound","02034053378","004969257811712","378","27",,"236","Answered","International","106 New Bond Street ",,"true","£0.106","Germany ","Desk Phone"
"24/01/2018 14:38:25","Outbound","02034053382","00435909003546","382","35",,"17","Answered","International","106 New Bond Street ",,"true","£0.033","Austria ","Desk Phone"
"24/01/2018 14:38:49","Outbound","02034053371","0012124831818","371","13",,"41","Answered","International","106 New Bond Street ",,"true","£0.038","USA ","Desk Phone"
"24/01/2018 14:40:13","Outbound","02034053371","0012036292114","371","12",,"98","Answered","International","106 New Bond Street ",,"true","£0.056","USA ","Desk Phone"
"24/01/2018 14:40:14","Outbound","02034053383","0018003334573","383","19",,"48","Answered","International","106 New Bond Street ",,"true","£0.048","USA Freephone","Desk Phone"
"24/01/2018 14:40:54","Outbound","02034053393","0031206048000","393","14",,"95","Answered","International","106 New Bond Street ",,"true","£0.057","Netherlands ","Desk Phone"
"24/01/2018 14:41:28","Outbound","02034053370","02075578000","385","2",,"76","Answered","National","106 New Bond Street ",,"true","£0","UK London","Desk Phone"
"24/01/2018 14:42:09","Outbound","02034053376","00435035035012","376","0",,"0","Unanswered","International","106 New Bond Street ",,"false",,,"Desk Phone"
"24/01/2018 14:42:15","Outbound","02034053376","00435035035012","376","8",,"7","Answered","International","106 New Bond Street ",,"true","£0.028","Austria ","Desk Phone"
"24/01/2018 14:43:26","Outbound","02034053370","02075578000","385","6",,"74","Answered","National","106 New Bond Street ",,"true","£0","UK London","Desk Phone"
"24/01/2018 14:43:41","Outbound","02034053371","0018002907424","371","19",,"72","Answered","International","106 New Bond Street ",,"true","£0.06","USA Freephone","Desk Phone"
"24/01/2018 14:43:51","Outbound","02034053376","01249710818","376","23",,"8","Answered","National","106 New Bond Street ",,"true","£0","UK Chippenham","Desk Phone"
"24/01/2018 14:45:03","Outbound","02034053382","0012129650800","382","33",,"35","Answered","International","106 New Bond Street ",,"true","£0.036","USA ","Desk Phone"
"24/01/2018 14:45:11","Outbound","02034053370","00417607973","394","14",,"0","Unanswered","International","106 New Bond Street ",,"false",,,"Desk Phone"
"24/01/2018 14:45:11","Outbound","02034053370","0016175021167","392","18",,"0","Unanswered","International","106 New Bond Street ",,"false",,,"Desk Phone"
"24/01/2018 14:45:32","Outbound","02034053370","00417607973","394","12",,"0","Unanswered","International","106 New Bond Street ",,"false",,,"Desk Phone"
"24/01/2018 14:45:32","Outbound","02034053370","0016175021167","392","16",,"0","Unanswered","International","106 New Bond Street ",,"false",,,"Desk Phone"
"24/01/2018 14:46:07","Outbound","02034053371","0017722346455","371","31",,"5","Answered","International","106 New Bond Street ",,"true","£0.027","USA ","Desk Phone"
"24/01/2018 14:46:19","Outbound","02034053376","0031703065490","376","4",,"154","Answered","International","106 New Bond Street ",,"true","£0.076","Netherlands ","Desk Phone"
"24/01/2018 14:46:41","Outbound","02034053370","0041223422300","389","9",,"64","Answered","International","SIP Users",,"true","£0.058","Switzerland Geneva","Desk Phone"
"24/01/2018 14:47:12","Outbound","02034053370","02072205000","385","5",,"0","Unanswered","National","106 New Bond Street ",,"false",,,"Desk Phone"
"24/01/2018 14:48:16","Outbound","02034053370","0014105375400","392","17",,"58","Answered","International","106 New Bond Street ",,"true","£0.043","USA ","Desk Phone"
"24/01/2018 14:48:28","Outbound","02034053371","0018028791881","371","23",,"138","Answered","International","106 New Bond Street ",,"true","£0.069","USA ","Desk Phone"
"24/01/2018 14:48:41","Outbound","02034053382","0016103449300","382","28",,"9","Answered","International","106 New Bond Street ",,"true","£0.028","USA ","Desk Phone"
"24/01/2018 14:50:33","Outbound","02034053370","0033149535822","394","51",,"0","Unanswered","International","106 New Bond Street ",,"true",,,"Desk Phone"
"24/01/2018 14:51:04","Outbound","02034053393","02079485677","393","20",,"3","Answered","National","106 New Bond Street ",,"true","£0","UK London","Desk Phone"
"24/01/2018 14:51:34","Outbound","02034053373","00442076118826","373","22",,"4","Answered","International","106 New Bond Street ",,"true","£0","UK London","Desk Phone"
"24/01/2018 14:51:57","Outbound","02034053376","08007317614","376","2",,"56","Answered","Freephone","106 New Bond Street ",,"true","£0","UK Freephone","Desk Phone"
"24/01/2018 14:52:19","Outbound","02034053373","00442071003597","373","13",,"32","Answered","International","106 New Bond Street ",,"true","£0","UK London","Desk Phone"
"24/01/2018 14:52:29","Outbound","02034053370","02030115095","385","8",,"112","Answered","National","106 New Bond Street ",,"true","£0","UK London","Desk Phone"
"24/01/2018 14:53:01","Outbound","02034053371","0017035186125","371","30",,"2","Answered","International","106 New Bond Street ",,"true","£0.026","USA ","Desk Phone"
"24/01/2018 14:53:54","Outbound","02034053370","00552121066200","389","38",,"271","Answered","International","SIP Users",,"true","£0.193","Brazil Rio De Janeiro","Desk Phone"
"24/01/2018 14:54:23","Outbound","02034053382","0017166453013","382","18",,"51","Answered","International","106 New Bond Street ",,"true","£0.041","USA ","Desk Phone"
"24/01/2018 14:54:28","Outbound","02034053373","00492114923838","373","19",,"0","Unanswered","International","106 New Bond Street ",,"true",,,"Desk Phone"
"24/01/2018 14:54:46","Outbound","02034053378","003222297509","378","20",,"19","Answered","International","106 New Bond Street ",,"true","£0.035","Belgium ","Desk Phone"
"24/01/2018 14:55:22","Outbound","02034053373","00492114923838","373","78",,"0","Unanswered","International","106 New Bond Street ",,"true",,,"Desk Phone"
"24/01/2018 14:55:28","Outbound","02034053376","004686085156","376","31",,"14","Answered","International","106 New Bond Street ",,"true","£0.031","Sweden ","Desk Phone"
"24/01/2018 14:55:31","Outbound","02034053393","01737227575","393","9",,"87","Answered","National","106 New Bond Street ",,"true","£0","UK Redhill","Desk Phone"
"24/01/2018 14:56:09","Outbound","02034053398","01635580529","398","16",,"54","Answered","National","106 New Bond Street ",,"false","£0","UK Newbury","Desk Phone"
"24/01/2018 14:56:23","Outbound","02034053399","0033155615511","399","35",,"2","Answered","International","106 New Bond Street ",,"true","£0.026","France ","Desk Phone"
"24/01/2018 14:56:58","Outbound","02034053382","0012169100457","382","15",,"48","Answered","International","106 New Bond Street ",,"true","£0.04","USA ","Desk Phone"
"24/01/2018 14:57:30","Outbound","02034053370","0016175021167","392","16",,"0","Unanswered","International","106 New Bond Street ",,"false",,,"Desk Phone"
"24/01/2018 14:57:48","Outbound","02034053370","0016175021167","392","2",,"0","Unanswered","International","106 New Bond Street ",,"false",,,"Desk Phone"
"24/01/2018 14:58:26","Outbound","02034053370","02072205000","385","5",,"0","Unanswered","National","106 New Bond Street ",,"false",,,"Desk Phone"
"24/01/2018 14:59:22","Outbound","02034053382","004969743840","382","18",,"79","Answered","International","106 New Bond Street ",,"true","£0.052","Germany ","Desk Phone"
"24/01/2018 15:03:17","Outbound","02034053399","0042323325","399","17",,"0","Unanswered","International","106 New Bond Street ",,"false",,,"Desk Phone"
"24/01/2018 15:04:22","Outbound","02034053370","02032394357","385","25",,"5","Answered","National","106 New Bond Street ",,"true","£0","UK London","Desk Phone"
"24/01/2018 15:05:01","Outbound","02034053399","004533668080","399","11",,"59","Answered","International","106 New Bond Street ",,"true","£0.046","Denmark ","Desk Phone"
"24/01/2018 15:05:18","Outbound","02034053393","0046856620200","393","14",,"48","Answered","International","106 New Bond Street ",,"true","£0.045","Sweden ","Desk Phone"
"24/01/2018 15:05:46","Outbound","02034053376","004721931200","376","36",,"0","Unanswered","International","106 New Bond Street ",,"false",,,"Desk Phone"
"24/01/2018 15:11:29","Outbound","02034053383","0015134591085","383","16",,"23","Answered","International","106 New Bond Street ",,"true","£0.032","USA ","Desk Phone"
"24/01/2018 15:13:41","Outbound","02034053393","0046317042900","393","15",,"218","Answered","International","106 New Bond Street ",,"true","£0.115","Sweden ","Desk Phone"
"24/01/2018 15:13:44","Outbound","02034053370","0017034487688","394","7",,"1","Answered","International","106 New Bond Street ",,"true","£0.025","USA ","Desk Phone"
"24/01/2018 15:13:58","Outbound","02034053370","0017034487688","394","6",,"1","Answered","International","106 New Bond Street ",,"true","£0.025","USA ","Desk Phone"
"24/01/2018 15:14:46","Outbound","02034053383","0018003334573","383","15",,"36","Answered","International","106 New Bond Street ",,"true","£0.042","USA Freephone","Desk Phone"
"24/01/2018 15:15:38","Outbound","02034053370","0016316656181","392","21",,"315","Answered","International","106 New Bond Street ",,"true","£0.125","USA ","Desk Phone"
"24/01/2018 15:16:16","Outbound","02034053383","0018007389622","383","15",,"63","Answered","International","106 New Bond Street ",,"true","£0.055","USA Freephone","Desk Phone"
"24/01/2018 15:17:42","Outbound","02034053383","0019012221955","383","32",,"3","Answered","International","106 New Bond Street ",,"true","£0.026","USA ","Desk Phone"
"24/01/2018 15:17:47","Outbound","02034053376","004721931200","376","35",,"0","Unanswered","International","106 New Bond Street ",,"false",,,"Desk Phone"
"24/01/2018 15:19:27","Outbound","02034053376","0041433770207","376","8",,"0","Unanswered","International","106 New Bond Street ",,"false",,,"Desk Phone"
"24/01/2018 15:19:41","Outbound","02034053376","0041432223504","376","1",,"0","Unanswered","International","106 New Bond Street ",,"false",,,"Desk Phone"
"24/01/2018 15:19:51","Outbound","02034053376","0041432223504","376","1",,"0","Unanswered","International","106 New Bond Street ",,"false",,,"Desk Phone"
"24/01/2018 15:21:33","Outbound","02034053393","004577331877","393","10",,"101","Answered","International","106 New Bond Street ",,"true","£0.061","Denmark ","Desk Phone"
"24/01/2018 15:21:43","Outbound","02034053398","02074843341","398","32",,"64","Answered","National","106 New Bond Street ",,"false","£0","UK London","Desk Phone"
"24/01/2018 15:21:46","Outbound","02034053370","02076473300","385","1",,"252","Answered","National","106 New Bond Street ",,"true","£0","UK London","Desk Phone"
"24/01/2018 15:21:59","Outbound","02034053376","0034915139000","376","2",,"54","Answered","International","106 New Bond Street ",,"false","£0.043","Spain ","Desk Phone"
"24/01/2018 15:24:35","Outbound","02034053393","004687877500","393","14",,"58","Answered","International","106 New Bond Street ",,"true","£0.049","Sweden ","Desk Phone"
"24/01/2018 15:24:57","Outbound","02034053370","0034916252920","394","2",,"4","Answered","International","106 New Bond Street ",,"false","£0.026","Spain ","Desk Phone"
"24/01/2018 15:25:06","Outbound","02034053370","0034916252920","394","3",,"2","Answered","International","106 New Bond Street ",,"false","£0.026","Spain ","Desk Phone"
"24/01/2018 15:26:50","Outbound","02034053383","0014125534545","383","27",,"23","Answered","International","106 New Bond Street ",,"true","£0.032","USA ","Desk Phone"
"24/01/2018 15:30:11","Outbound","02034053370","0049892919070","389","11",,"19","Answered","International","SIP Users",,"true","£0.032","Germany ","Desk Phone"
"24/01/2018 15:30:14","Outbound","02034053388","0012125421278","388","13",,"4","Answered","International","SIP Users",,"false","£0.026","USA ","Desk Phone"
"24/01/2018 15:30:59","Outbound","02034053376","0031102174000","376","14",,"89","Answered","International","106 New Bond Street ",,"true","£0.055","Netherlands ","Desk Phone"
"24/01/2018 15:31:32","Outbound","02034053377","02079363000","377","9",,"37","Answered","National","106 New Bond Street ",,"false","£0","UK London","Desk Phone"
"24/01/2018 15:32:01","Outbound","02034053388","0012123367281","388","11",,"277","Answered","International","SIP Users",,"false","£0.113","USA ","Desk Phone"
"24/01/2018 15:32:19","Outbound","02034053383","0013028312349","383","38",,"5","Answered","International","106 New Bond Street ",,"true","£0.027","USA ","Desk Phone"
"24/01/2018 15:33:15","Outbound","02034053383","0013028312349","383","36",,"4","Answered","International","106 New Bond Street ",,"true","£0.026","USA ","Desk Phone"
"24/01/2018 15:33:16","Outbound","02034053370","02072921900","385","10",,"29","Answered","National","106 New Bond Street ",,"true","£0","UK London","Desk Phone"
"24/01/2018 15:33:24","Outbound","02034053370","00421850111888","389","1",,"0","Unanswered","International","SIP Users",,"true",,,"Desk Phone"
"24/01/2018 15:33:57","Outbound","02034053383","0013028314284","383","37",,"3","Answered","International","106 New Bond Street ",,"true","£0.026","USA ","Desk Phone"
"24/01/2018 15:38:37","Outbound","02034053370","0018145320100","385","10",,"58","Answered","International","106 New Bond Street ",,"true","£0.043","USA ","Desk Phone"
"24/01/2018 15:43:22","Outbound","02034053370","0017037341507","385","1",,"75","Answered","International","106 New Bond Street ",,"true","£0.049","USA ","Desk Phone"
"24/01/2018 15:45:19","Outbound","02034053376","0013124992964","376","14",,"5","Answered","International","106 New Bond Street ",,"true","£0.027","USA ","Desk Phone"
"24/01/2018 15:47:28","Outbound","02034053370","0018602911998","385","2",,"75","Answered","International","106 New Bond Street ",,"true","£0.049","USA ","Desk Phone"
"24/01/2018 15:50:04","Outbound","02034053371","0017177334181","371","13",,"102","Answered","International","106 New Bond Street ",,"true","£0.057","USA ","Desk Phone"
"24/01/2018 15:52:02","Outbound","02034053398","02072252250","398","67",,"0","Unanswered","National","106 New Bond Street ",,"false",,,"Desk Phone"
"24/01/2018 15:52:26","Outbound","02034053370","0017812376468","385","8",,"37","Answered","International","106 New Bond Street ",,"true","£0.037","USA ","Desk Phone"
"24/01/2018 15:52:28","Outbound","02034053371","0012163680961","371","30",,"0","Answered","International","106 New Bond Street ",,"true","£0.025","USA ","Desk Phone"
"24/01/2018 15:53:15","Outbound","02034053371","0012149326852","371","30",,"9","Answered","International","106 New Bond Street ",,"true","£0.028","USA ","Desk Phone"
"24/01/2018 15:54:12","Outbound","02034053371","0016464736500","371","12",,"38","Answered","International","106 New Bond Street ",,"true","£0.037","USA ","Desk Phone"
"24/01/2018 15:55:04","Outbound","02034053371","0016464736500","371","13",,"9","Answered","International","106 New Bond Street ",,"true","£0.028","USA ","Desk Phone"
"24/01/2018 15:56:12","Outbound","02034053370","0014105471300","385","4",,"22","Answered","International","106 New Bond Street ",,"true","£0.032","USA ","Desk Phone"
"24/01/2018 15:56:18","Outbound","02034053376","0012123713200","376","3",,"18","Answered","International","106 New Bond Street ",,"true","£0.031","USA ","Desk Phone"
"24/01/2018 15:56:18","Outbound","02034053371","0014109970994","371","13",,"15","Answered","International","106 New Bond Street ",,"true","£0.03","USA ","Desk Phone"
"24/01/2018 15:56:39","Outbound","02034053370","0014105471300","385","13",,"32","Answered","International","106 New Bond Street ",,"true","£0.035","USA ","Desk Phone"
"24/01/2018 15:57:04","Outbound","02034053380","0044330221097","380","12",,"0","Unanswered","International","106 New Bond Street ",,"false",,,"Desk Phone"
"24/01/2018 15:57:18","Outbound","02034053380","00443302210097","380","11",,"1054","Answered","International","106 New Bond Street ",,"true","£0","UK National Non Geographic","Desk Phone"
"24/01/2018 15:57:20","Outbound","02034053376","0012123713200","376","2",,"17","Answered","International","106 New Bond Street ",,"true","£0.03","USA ","Desk Phone"
"24/01/2018 15:57:32","Outbound","02034053371","0017133386758","371","29",,"5","Answered","International","106 New Bond Street ",,"true","£0.027","USA ","Desk Phone"
"24/01/2018 15:58:13","Outbound","02034053371","0017133384503","371","26",,"2","Answered","International","106 New Bond Street ",,"true","£0.026","USA ","Desk Phone"
"24/01/2018 15:59:44","Outbound","02034053376","0012123713200","376","4",,"18","Answered","International","106 New Bond Street ",,"true","£0.031","USA ","Desk Phone"
"24/01/2018 16:00:39","Outbound","02034053371","0016303685362","371","30",,"4","Answered","International","106 New Bond Street ",,"true","£0.026","USA ","Desk Phone"
"24/01/2018 16:00:49","Outbound","02034053370","0019786889010","385","13",,"10","Answered","International","106 New Bond Street ",,"true","£0.028","USA ","Desk Phone"
"24/01/2018 16:01:24","Outbound","02034053377","03302210097","377","4",,"2609","Answered","National","106 New Bond Street ",,"false","£0","UK National Non Geographic","Desk Phone"
"24/01/2018 16:01:51","Outbound","02034053376","0012126244100","376","2",,"17","Answered","International","106 New Bond Street ",,"true","£0.03","USA ","Desk Phone"
"24/01/2018 16:02:34","Outbound","02034053376","0012126244100","376","1",,"27","Answered","International","106 New Bond Street ",,"true","£0.034","USA ","Desk Phone"
"24/01/2018 16:03:32","Outbound","02034053376","0012126244100","376","2",,"0","Unanswered","International","106 New Bond Street ",,"false",,,"Desk Phone"
"24/01/2018 16:03:42","Outbound","02034053376","0012126244100","376","1",,"138","Answered","International","106 New Bond Street ",,"true","£0.069","USA ","Desk Phone"
"24/01/2018 16:04:43","Outbound","02034053370","0019528852700","385","3",,"39","Answered","International","106 New Bond Street ",,"true","£0.037","USA ","Desk Phone"
"24/01/2018 16:05:32","Outbound","02034053370","0019528852700","385","5",,"42","Answered","International","106 New Bond Street ",,"true","£0.038","USA ","Desk Phone"
"24/01/2018 16:06:42","Outbound","02034053370","0019528852737","385","34",,"8","Answered","International","106 New Bond Street ",,"true","£0.028","USA ","Desk Phone"
"24/01/2018 16:10:47","Outbound","02034053370","0018004371011","385","18",,"48","Answered","International","106 New Bond Street ",,"true","£0.048","USA Freephone","Desk Phone"
"24/01/2018 16:11:43","Outbound","02034053376","0012124862424","376","4",,"0","Unanswered","International","106 New Bond Street ",,"false",,,"Desk Phone"
"24/01/2018 16:11:57","Outbound","02034053370","0018006621113","385","6",,"31","Answered","International","106 New Bond Street ",,"true","£0.04","USA Freephone","Desk Phone"
"24/01/2018 16:14:39","Outbound","02034053376","0012124862424","376","5",,"0","Unanswered","International","106 New Bond Street ",,"true",,,"Desk Phone"
"24/01/2018 16:16:01","Outbound","02034053370","0018006548489","385","7",,"42","Answered","International","106 New Bond Street ",,"true","£0.045","USA Freephone","Desk Phone"
"24/01/2018 16:16:39","Outbound","02034053376","0012124862424","376","0",,"0","Unanswered","International","106 New Bond Street ",,"false",,,"Desk Phone"
"24/01/2018 16:16:46","Outbound","02034053376","0012124862424","376","5",,"0","Unanswered","International","106 New Bond Street ",,"false",,,"Desk Phone"
"24/01/2018 16:16:53","Outbound","02034053370","0018006548489","385","10",,"61","Answered","International","106 New Bond Street ",,"true","£0.054","USA Freephone","Desk Phone"
"24/01/2018 16:17:28","Outbound","02034053376","0012125230202","376","10",,"0","Unanswered","International","106 New Bond Street ",,"false",,,"Desk Phone"
"24/01/2018 16:19:25","Outbound","02034053370","00417607973","394","2",,"0","Unanswered","International","106 New Bond Street ",,"false",,,"Desk Phone"
"24/01/2018 16:19:28","Outbound","02034053370","02038463222","370","7",,"437","Answered","National","106 New Bond Street ",,"false","£0","UK London","Desk Phone"
"24/01/2018 16:20:23","Outbound","02034053376","178163","376","9",,"0","Unanswered","Operator Assisted","106 New Bond Street ",,"false",,,"Desk Phone"
"24/01/2018 16:20:48","Outbound","02034053376","0017816393000","376","10",,"23","Answered","International","106 New Bond Street ",,"true","£0.032","USA ","Desk Phone"
"24/01/2018 16:21:00","Outbound","02034053370","0015855860970","385","7",,"22","Answered","International","106 New Bond Street ",,"true","£0.032","USA ","Desk Phone"
"24/01/2018 16:21:36","Outbound","02034053376","0017816393000","376","11",,"136","Answered","International","106 New Bond Street ",,"true","£0.068","USA ","Desk Phone"
"24/01/2018 16:22:36","Outbound","02034053370","0015855860970","385","6",,"42","Answered","International","106 New Bond Street ",,"true","£0.038","USA ","Desk Phone"
"24/01/2018 16:26:24","Outbound","02034053376","0017816393000","376","13",,"44","Answered","International","106 New Bond Street ",,"true","£0.039","USA ","Desk Phone"
"24/01/2018 16:26:50","Outbound","02034053370","0015135792121","385","9",,"9","Answered","International","106 New Bond Street ",,"true","£0.028","USA ","Desk Phone"
"24/01/2018 16:27:13","Outbound","02034053370","0015135792121","385","4",,"69","Answered","International","106 New Bond Street ",,"true","£0.047","USA ","Desk Phone"
"24/01/2018 16:31:24","Outbound","02034053376","0016463763121","376","23",,"11","Answered","International","106 New Bond Street ",,"true","£0.028","USA ","Desk Phone"
"24/01/2018 16:33:50","Outbound","02034053376","0012125480600","376","16",,"59","Answered","International","106 New Bond Street ",,"true","£0.044","USA ","Desk Phone"
"24/01/2018 16:34:16","Outbound","02034053370","03000200090","370","5",,"49","Answered","National","106 New Bond Street ",,"false","£0","UK National Non Geographic","Desk Phone"
"24/01/2018 16:35:11","Outbound","02034053370","03000200039","370","8",,"0","Unanswered","National","106 New Bond Street ",,"false",,,"Desk Phone"
"24/01/2018 16:40:06","Outbound","02034053370","03000200393","370","7",,"504","Answered","National","106 New Bond Street ",,"false","£0","UK National Non Geographic","Desk Phone"
"24/01/2018 16:40:32","Outbound","02034053376","0012124186500","376","2",,"87","Answered","International","106 New Bond Street ",,"true","£0.052","USA ","Desk Phone"
"24/01/2018 16:42:20","Outbound","02034053370","0014044197117","385","22",,"12","Answered","International","106 New Bond Street ",,"true","£0.029","USA ","Desk Phone"
"24/01/2018 16:47:00","Outbound","02034053371","0016303685362","371","27",,"4","Answered","International","106 New Bond Street ",,"true","£0.026","USA ","Desk Phone"
"24/01/2018 16:47:10","Outbound","02034053370","0016308754900","385","8",,"0","Unanswered","International","106 New Bond Street ",,"false",,,"Desk Phone"
"24/01/2018 16:47:34","Outbound","02034053371","0016303681010","371","24",,"33","Answered","International","106 New Bond Street ",,"true","£0.035","USA ","Desk Phone"
"24/01/2018 16:47:41","Outbound","02034053376","0016462897287","376","8",,"15","Answered","International","106 New Bond Street ",,"true","£0.03","USA ","Desk Phone"
"24/01/2018 16:51:40","Outbound","02034053370","0013183248000","385","1",,"0","Unanswered","International","106 New Bond Street ",,"false",,,"Desk Phone"
"24/01/2018 16:51:50","Outbound","02034053370","0013183248000","385","7",,"31","Answered","International","106 New Bond Street ",,"true","£0.035","USA ","Desk Phone"
"24/01/2018 16:52:46","Outbound","02034053383","0018007389622","383","17",,"34","Answered","International","106 New Bond Street ",,"true","£0.041","USA Freephone","Desk Phone"
"24/01/2018 16:53:25","Outbound","02034053376","0014157966445","376","4",,"0","Unanswered","International","106 New Bond Street ",,"false",,,"Desk Phone"
"24/01/2018 16:53:40","Outbound","02034053383","0018007389622","383","3",,"84","Answered","International","106 New Bond Street ",,"true","£0.066","USA Freephone","Desk Phone"
"24/01/2018 16:54:44","Outbound","02034053376","0012127593700","376","10",,"5","Answered","International","106 New Bond Street ",,"true","£0.027","USA ","Desk Phone"
"24/01/2018 16:55:09","Outbound","02034053376","0012127593700","376","6",,"8","Answered","International","106 New Bond Street ",,"true","£0.028","USA ","Desk Phone"
"24/01/2018 16:55:36","Outbound","02034053376","07739973948","376","9",,"0","Unanswered","Mobile","106 New Bond Street ",,"false",,,"Desk Phone"
"24/01/2018 16:55:48","Outbound","02034053376","07739973948","376","15",,"16","Answered","Mobile","106 New Bond Street ",,"true","£0.063","UK Mobile O2","Desk Phone"
"24/01/2018 16:57:33","Outbound","02034053370","0016308754900","385","6",,"39","Answered","International","106 New Bond Street ",,"true","£0.037","USA ","Desk Phone"
"24/01/2018 16:59:06","Outbound","02034053371","0017136518863","371","28",,"3","Answered","International","106 New Bond Street ",,"true","£0.026","USA ","Desk Phone"
"24/01/2018 17:01:22","Outbound","02034053371","0012124831818","371","23",,"32","Answered","International","106 New Bond Street ",,"true","£0.035","USA ","Desk Phone"
"24/01/2018 17:02:46","Outbound","02034053370","0018882618853","385","2",,"16","Answered","International","106 New Bond Street ",,"true","£0.033","USA Freephone","Desk Phone"
"24/01/2018 17:03:46","Outbound","02034053371","0014147277990","371","16",,"31","Answered","International","106 New Bond Street ",,"true","£0.035","USA ","Desk Phone"
"24/01/2018 17:04:53","Outbound","02034053371","0015135585403","371","28",,"6","Answered","International","106 New Bond Street ",,"true","£0.027","USA ","Desk Phone"
"24/01/2018 17:10:40","Outbound","02034053371","0017035186125","371","31",,"3","Answered","International","106 New Bond Street ",,"true","£0.026","USA ","Desk Phone"
"24/01/2018 17:12:03","Outbound","02034053371","0015087932515","371","25",,"0","Unanswered","International","106 New Bond Street ",,"true",,,"Desk Phone"
"24/01/2018 17:14:39","Outbound","02034053381","0012155671100","381","11",,"88","Answered","International","106 New Bond Street ",,"true","£0.053","USA ","Desk Phone"
"24/01/2018 17:15:18","Outbound","02034053371","0015032260470","371","12",,"44","Answered","International","106 New Bond Street ",,"true","£0.039","USA ","Desk Phone"
"24/01/2018 17:19:02","Outbound","02034053398","02072252250","398","9",,"326","Answered","National","106 New Bond Street ",,"false","£0","UK London","Desk Phone"
"24/01/2018 17:26:37","Outbound","02034053383","0019015782115","383","34",,"2","Answered","International","106 New Bond Street ",,"true","£0.026","USA ","Desk Phone"
"24/01/2018 17:27:46","Outbound","02034053383","0016123337651","383","14",,"68","Answered","International","106 New Bond Street ",,"true","£0.046","USA ","Desk Phone"
"24/01/2018 17:28:00","Outbound","02034053371","0017135812440","371","19",,"24","Answered","International","106 New Bond Street ",,"true","£0.033","USA ","Desk Phone"
"24/01/2018 17:30:14","Outbound","02034053381","0015124639367","381","25",,"0","Answered","International","106 New Bond Street ",,"true","£0.025","USA ","Desk Phone"
"24/01/2018 17:30:34","Outbound","02034053383","0016309097302","383","21",,"1","Answered","International","106 New Bond Street ",,"true","£0.025","USA ","Desk Phone"
"24/01/2018 17:31:00","Outbound","02034053383","0014044716158","383","29",,"2","Answered","International","106 New Bond Street ",,"true","£0.026","USA ","Desk Phone"
"24/01/2018 17:31:35","Outbound","02034053383","0016503266480","383","17",,"37","Answered","International","106 New Bond Street ",,"true","£0.037","USA ","Desk Phone"
"24/01/2018 17:33:18","Outbound","02034053381","0012022961209","381","16",,"20","Answered","International","106 New Bond Street ",,"true","£0.031","USA ","Desk Phone"
"24/01/2018 17:33:57","Outbound","02034053381","0012022961209","381","18",,"18","Answered","International","106 New Bond Street ",,"true","£0.031","USA ","Desk Phone"
"24/01/2018 17:35:49","Outbound","02034053383","0012813725138","383","32",,"2","Answered","International","106 New Bond Street ",,"true","£0.026","USA ","Desk Phone"
"24/01/2018 18:07:54","Outbound","02034053377","02076297200","377","6",,"34","Answered","National","106 New Bond Street ",,"false","£0","UK London","Desk Phone"
"24/01/2018 18:08:37","Outbound","02034053371","0018056814200","371","13",,"31","Answered","International","106 New Bond Street ",,"true","£0.01","USA ","Desk Phone"
"24/01/2018 18:16:31","Outbound","02034053371","0017136518863","371","28",,"4","Answered","International","106 New Bond Street ",,"true","£0.001","USA ","Desk Phone"
"24/01/2018 18:17:45","Outbound","02034053371","0014109970994","371","16",,"16","Answered","International","106 New Bond Street ",,"true","£0.005","USA ","Desk Phone"
"24/01/2018 18:18:50","Outbound","02034053371","0012036292114","371","14",,"473","Answered","International","106 New Bond Street ",,"true","£0.15","USA ","Desk Phone"
"24/01/2018 18:32:38","Outbound","02034053382","0012123553449","382","13",,"63","Answered","International","106 New Bond Street ",,"true","£0.02","USA ","Desk Phone"
"24/01/2018 18:33:57","Outbound","02034053382","0012123553449","382","12",,"32","Answered","International","106 New Bond Street ",,"true","£0.01","USA ","Desk Phone"
"24/01/2018 18:34:57","Outbound","02034053382","0019017618080","382","18",,"15","Answered","International","106 New Bond Street ",,"true","£0.005","USA ","Desk Phone"
"24/01/2018 18:36:24","Outbound","02034053382","0017132382050","382","9",,"1","Answered","International","106 New Bond Street ",,"true","£0","USA ","Desk Phone"
"24/01/2018 18:36:36","Outbound","02034053382","0017132382050","382","9",,"1","Answered","International","106 New Bond Street ",,"true","£0","USA ","Desk Phone"
"24/01/2018 18:36:48","Outbound","02034053382","0017132382050","382","9",,"1","Answered","International","106 New Bond Street ",,"true","£0","USA ","Desk Phone"
"24/01/2018 18:37:03","Outbound","02034053382","0017132382050","382","9",,"1","Answered","International","106 New Bond Street ",,"true","£0","USA ","Desk Phone"
"24/01/2018 18:37:17","Outbound","02034053382","0017132382050","382","9",,"1","Answered","International","106 New Bond Street ",,"true","£0","USA ","Desk Phone"
"24/01/2018 18:40:24","Outbound","02034053382","0012123553449","382","9",,"27","Answered","International","106 New Bond Street ",,"true","£0.008","USA ","Desk Phone"
"24/01/2018 18:42:17","Outbound","02034053382","0013126306000","382","12",,"8","Answered","International","106 New Bond Street ",,"true","£0.002","USA ","Desk Phone"
"24/01/2018 18:42:39","Outbound","02034053382","0013125570431","382","23",,"4","Answered","International","106 New Bond Street ",,"true","£0.001","USA ","Desk Phone"
"24/01/2018 18:43:23","Outbound","02034053382","0012147504222","382","13",,"34","Answered","International","106 New Bond Street ",,"true","£0.011","USA ","Desk Phone"
"24/01/2018 18:44:13","Outbound","02034053382","0012147504222","382","22",,"33","Answered","International","106 New Bond Street ",,"true","£0.01","USA ","Desk Phone"
"24/01/2018 18:45:13","Outbound","02034053382","0013147219696","382","27",,"33","Answered","International","106 New Bond Street ",,"true","£0.01","USA ","Desk Phone"
"24/01/2018 18:46:03","Outbound","02034053396","02071539000","396","8",,"1627","Answered","National","106 New Bond Street ",,"true","£0","UK London","Desk Phone"
"24/01/2018 18:46:59","Outbound","02034053382","0012123731000","382","12",,"53","Answered","International","106 New Bond Street ",,"true","£0.017","USA ","Desk Phone"
"24/01/2018 18:48:22","Outbound","02034053382","0016172437112","382","35",,"2","Answered","International","106 New Bond Street ",,"true","£0.001","USA ","Desk Phone"
"24/01/2018 18:49:34","Outbound","02034053382","0014845831400","382","18",,"179","Answered","International","106 New Bond Street ",,"true","£0.057","USA ","Desk Phone"
"24/01/2018 18:55:01","Outbound","02034053382","0012123553449","382","12",,"20","Answered","International","106 New Bond Street ",,"true","£0.006","USA ","Desk Phone"
"24/01/2018 18:56:55","Outbound","02034053370","0016263021128","392","31",,"11","Answered","International","106 New Bond Street ",,"true","£0.004","USA ","Desk Phone"
"24/01/2018 18:57:38","Outbound","02034053370","0016263021212","392","21",,"59","Answered","International","106 New Bond Street ",,"true","£0.019","USA ","Desk Phone"
"24/01/2018 18:57:56","Outbound","02034053382","0016046882204","382","22",,"30","Answered","International","106 New Bond Street ",,"true","£0.011","Canada ","Desk Phone"
"24/01/2018 19:00:09","Outbound","02034053383","0012165935029","383","21",,"635","Answered","International","106 New Bond Street ",,"true","£0.201","USA ","Desk Phone"
"24/01/2018 19:07:39","Outbound","02034053370","0013104730225","392","15",,"46","Answered","International","106 New Bond Street ",,"true","£0.014","USA ","Desk Phone"
"24/01/2018 19:09:33","Outbound","02034053370","0019164147456","392","57",,"4","Answered","International","106 New Bond Street ",,"true","£0.001","USA ","Desk Phone"
"24/01/2018 19:11:06","Outbound","02034053370","0019164147456","392","19",,"3","Answered","International","106 New Bond Street ",,"true","£0.001","USA ","Desk Phone"
"24/01/2018 19:12:04","Outbound","02034053381","0012155671100","381","19",,"37","Answered","International","106 New Bond Street ",,"true","£0.012","USA ","Desk Phone"
"24/01/2018 19:13:13","Outbound","02034053370","0016263021128","392","31",,"2","Answered","International","106 New Bond Street ",,"true","£0.001","USA ","Desk Phone"
"24/01/2018 19:13:52","Outbound","02034053381","0019734246407","381","28",,"1","Answered","International","106 New Bond Street ",,"true","£0","USA ","Desk Phone"
"24/01/2018 19:15:07","Outbound","02034053381","0015032390475","381","18",,"16","Answered","International","106 New Bond Street ",,"true","£0.005","USA ","Desk Phone"
"24/01/2018 19:17:05","Outbound","02034053381","0013105064710","381","16",,"13","Answered","International","106 New Bond Street ",,"true","£0.004","USA ","Desk Phone"
"24/01/2018 19:17:12","Outbound","02034053383","0013102291500","383","19",,"51","Answered","International","106 New Bond Street ",,"true","£0.016","USA ","Desk Phone"
"24/01/2018 19:18:07","Outbound","02034053381","0013172346305","381","29",,"3","Answered","International","106 New Bond Street ",,"true","£0.001","USA ","Desk Phone"
"24/01/2018 19:18:38","Outbound","02034053383","0019012221955","383","37",,"2","Answered","International","106 New Bond Street ",,"true","£0.001","USA ","Desk Phone"
"24/01/2018 19:19:04","Outbound","02034053381","0013172347939","381","37",,"1","Answered","International","106 New Bond Street ",,"true","£0","USA ","Desk Phone"
"24/01/2018 19:20:16","Outbound","02034053381","0015186405783","381","19",,"21","Answered","International","106 New Bond Street ",,"true","£0.007","USA ","Desk Phone"
"24/01/2018 19:20:55","Outbound","02034053383","0015148725572","383","33",,"7","Answered","International","106 New Bond Street ",,"true","£0.002","USA ","Desk Phone"
"24/01/2018 19:22:00","Outbound","02034053383","0018006338766","383","18",,"82","Answered","International","106 New Bond Street ",,"true","£0.04","USA Freephone","Desk Phone"
"24/01/2018 19:22:07","Outbound","02034053381","0015032214200","381","13",,"51","Answered","International","106 New Bond Street ",,"true","£0.016","USA ","Desk Phone"
"24/01/2018 19:23:43","Outbound","02034053383","0018006338766","383","2",,"189","Answered","International","106 New Bond Street ",,"true","£0.091","USA Freephone","Desk Phone"
"24/01/2018 19:25:47","Outbound","02034053370","0013109540688","392","39",,"3","Answered","International","106 New Bond Street ",,"true","£0.001","USA ","Desk Phone"
"24/01/2018 19:25:55","Outbound","02034053381","0012066232200","381","13",,"60","Answered","International","106 New Bond Street ",,"true","£0.019","USA ","Desk Phone"
"24/01/2018 19:27:32","Outbound","02034053381","0012125921800","381","20",,"43","Answered","International","106 New Bond Street ",,"true","£0.014","USA ","Desk Phone"
"24/01/2018 19:29:39","Outbound","02034053381","0018085348277","381","30",,"1","Answered","International","106 New Bond Street ",,"true","£0","USA Hawaii","Desk Phone"
"24/01/2018 19:32:15","Outbound","02034053381","0015124639367","381","25",,"0","Answered","International","106 New Bond Street ",,"true","£0","USA ","Desk Phone"
"24/01/2018 19:33:17","Outbound","02034053381","0012125466940","381","12",,"20","Answered","International","106 New Bond Street ",,"true","£0.006","USA ","Desk Phone"
"24/01/2018 19:33:43","Outbound","02034053383","0017013282800","383","23",,"67","Answered","International","106 New Bond Street ",,"true","£0.021","USA ","Desk Phone"
"24/01/2018 19:34:34","Outbound","02034053370","0014105375400","392","15",,"46","Answered","International","106 New Bond Street ",,"true","£0.014","USA ","Desk Phone"
"24/01/2018 19:36:15","Outbound","02034053381","0059826014172","381","29",,"48","Answered","International","106 New Bond Street ",,"true","£0.2","Uruguay ","Desk Phone"
"24/01/2018 19:36:39","Outbound","02034053383","0012243647200","383","20",,"74","Answered","International","106 New Bond Street ",,"true","£0.023","USA ","Desk Phone"
"24/01/2018 19:37:00","Outbound","02034053370","0013109540688","392","39",,"2","Answered","International","106 New Bond Street ",,"true","£0.001","USA ","Desk Phone"
"24/01/2018 19:37:48","Outbound","02034053370","0019098857980","392","15",,"104","Answered","International","106 New Bond Street ",,"true","£0.033","USA ","Desk Phone"
"24/01/2018 19:40:36","Outbound","02034053383","0016305454820","383","39",,"2","Answered","International","106 New Bond Street ",,"true","£0.001","USA ","Desk Phone"
"24/01/2018 19:41:23","Outbound","02034053383","0013193353305","383","19",,"42","Answered","International","106 New Bond Street ",,"true","£0.013","USA ","Desk Phone"
"24/01/2018 19:42:46","Outbound","02034053381","0012067888808","381","11",,"36","Answered","International","106 New Bond Street ",,"true","£0.011","USA ","Desk Phone"
"24/01/2018 19:43:45","Outbound","02034053383","0014047855437","383","17",,"82","Answered","International","106 New Bond Street ",,"true","£0.026","USA ","Desk Phone"
"24/01/2018 19:44:14","Outbound","02034053370","0013108069700","392","17",,"72","Answered","International","106 New Bond Street ",,"true","£0.023","USA ","Desk Phone"
"24/01/2018 19:45:32","Outbound","02034053383","0014047855437","383","2",,"188","Answered","International","106 New Bond Street ",,"true","£0.06","USA ","Desk Phone"
"24/01/2018 19:46:49","Outbound","02034053381","0013105066537","381","32",,"1","Answered","International","106 New Bond Street ",,"true","£0","USA ","Desk Phone"
"24/01/2018 19:47:24","Outbound","02034053381","0013105067505","381","38",,"0","Unanswered","International","106 New Bond Street ",,"true",,,"Desk Phone"
"24/01/2018 19:48:28","Outbound","02034053381","0012407778223","381","18",,"62","Answered","International","106 New Bond Street ",,"true","£0.02","USA ","Desk Phone"
"24/01/2018 19:51:14","Outbound","02034053383","0016305454820","383","36",,"1","Answered","International","106 New Bond Street ",,"true","£0","USA ","Desk Phone"
"24/01/2018 19:51:14","Outbound","02034053370","0015109870547","392","22",,"72","Answered","International","106 New Bond Street ",,"true","£0.023","USA ","Desk Phone"
"24/01/2018 19:53:09","Outbound","02034053383","0014042537600","383","11",,"63","Answered","International","106 New Bond Street ",,"true","£0.02","USA ","Desk Phone"
"24/01/2018 19:55:25","Outbound","02034053381","0018042810406","381","29",,"3","Answered","International","106 New Bond Street ",,"true","£0.001","USA ","Desk Phone"
"24/01/2018 19:56:41","Outbound","02034053370","0015109879723","392","20",,"2","Answered","International","106 New Bond Street ",,"true","£0.001","USA ","Desk Phone"
"24/01/2018 19:56:53","Outbound","02034053381","0016263958951","381","30",,"2","Answered","International","106 New Bond Street ",,"true","£0.001","USA ","Desk Phone"
"24/01/2018 19:58:26","Outbound","02034053381","0012022961209","381","19",,"21","Answered","International","106 New Bond Street ",,"true","£0.007","USA ","Desk Phone"
"24/01/2018 19:58:32","Outbound","02034053370","0012136888000","392","35",,"40","Answered","International","106 New Bond Street ",,"true","£0.013","USA ","Desk Phone"
"24/01/2018 20:06:28","Outbound","02034053370","0015109879723","392","15",,"3","Answered","International","106 New Bond Street ",,"true","£0.001","USA ","Desk Phone"
"24/01/2018 20:07:54","Outbound","02034053383","0013108069700","383","16",,"44","Answered","International","106 New Bond Street ",,"true","£0.014","USA ","Desk Phone"
"24/01/2018 20:09:00","Outbound","02034053383","0015173739642","383","33",,"1","Answered","International","106 New Bond Street ",,"true","£0","USA ","Desk Phone"